{
  "type": "origins:multiple",
  "upblazedamage": {
    "type": "origins:modify_damage_taken",
    "bientity_condition": {
      "type": "origins:actor_condition",
      "condition": {
        "type": "origins:entity_type",
        "entity_type": "minecraft:blaze"
      }
    },
    "modifier": {
      "operation": "addition",
      "value": 1.5
    }
  },
  "upenergydamage": {
    "type": "origins:modify_damage_taken",
    "damage_condition": {
      "type": "origins:or",
      "conditions": [
        {
          "type": "origins:lightningBolt"
        },
        {
          "type": "origins:fire"
        },
        {
          "type": "origins:hotFloor"
        },
        {
          "type": "origins:magic"
        },
        {
          "type": "origins:indirectMagic.item"
        }
      ]
    },
    "modifier": {
      "operation": "multiply_base",
      "value": 1.5
    }
  },
  "name": "Composite Weakness",
  "description": "You take more damage from fire, magic, and lightning due to the composite materials that make up your body"

}