{
  "name": "protection layer - rough exterior",
  "description": "your exterior is to rough to be harmed by thorny plants",

  "type": "origins:invulnerability",
     "damage_condition": {
        "type": "origins:or",
        "conditions": [
            {
                "type": "origins:name",
                "name": "sweetBerryBush"
            },
            {
                "type": "origins:name",
                "name": "cactus"
            },
          {
            "type": "origins:name",
            "name": "thorns"
          },
          {
            "type": "origins:name",
            "name": "thorns.item"
          },
          {
            "type": "origins:name",
            "name": "sting"
          }

        ]
    }
}