{
    "type": "origins:multiple",
    "no_depth_strider": {
        "type": "origins:conditioned_attribute",
        "modifier": {
            "name": "Slowness in water",
            "attribute": "minecraft:generic.movement_speed",
            "value": -0.2,
            "operation": "multiply_total"
        },
        "tick_rate": 5,
        "condition": {
            "type": "origins:and",
            "conditions": [
                {
                    "type": "origins:or",
                    "conditions": [
                        {
                            "type": "origins:in_block",
                            "block_condition": {
                                "type": "origins:or",
                                "conditions": [
                                    {
                                        "type": "origins:block",
                                        "block": "minecraft:water"
                                    },
                                    {
                                        "type": "origins:block",
                                        "block": "minecraft:kelp"
                                    },
                                    {
                                        "type": "origins:block",
                                        "block": "minecraft:kelp_plant"
                                    },
                                    {
                                        "type": "origins:block",
                                        "block": "minecraft:seagrass"
                                    },
                                    {
                                        "type": "origins:block",
                                        "block": "minecraft:tall_seagrass"
                                    },
                                    {
                                        "type": "origins:block_state",
                                        "property": "waterlogged",
                                        "value": true
                                    }
                                ]
                            }
                        },
                        {
                            "type": "origins:in_rain"
                        }

                    ]
                },
                {
                    "type": "origins:enchantment",
                    "enchantment": "minecraft:depth_strider",
                    "calculation": "sum",
                    "comparison": "==",
                    "compare_to": 0
                }
            ]
        }
    },
    "depth_strider_1": {
        "type": "origins:conditioned_attribute",
        "modifier": {
            "name": "Slowness in water",
            "attribute": "minecraft:generic.movement_speed",
            "value": -0.1,
            "operation": "multiply_total"
        },
        "tick_rate": 5,
        "condition": {
            "type": "origins:and",
            "conditions": [
                {
                    "type": "origins:or",
                    "conditions": [
                        {
                            "type": "origins:in_block",
                            "block_condition": {
                                "type": "origins:or",
                                "conditions": [
                                    {
                                        "type": "origins:block",
                                        "block": "minecraft:water"
                                    },
                                    {
                                        "type": "origins:block",
                                        "block": "minecraft:kelp"
                                    },
                                    {
                                        "type": "origins:block",
                                        "block": "minecraft:kelp_plant"
                                    },
                                    {
                                        "type": "origins:block",
                                        "block": "minecraft:seagrass"
                                    },
                                    {
                                        "type": "origins:block",
                                        "block": "minecraft:tall_seagrass"
                                    },
                                    {
                                        "type": "origins:block_state",
                                        "property": "waterlogged",
                                        "value": true
                                    }
                                ]
                            }
                        },
                        {
                            "type": "origins:in_rain"
                        }
                    ]
                },
                {
                    "type": "origins:enchantment",
                    "enchantment": "minecraft:depth_strider",
                    "calculation": "sum",
                    "comparison": "==",
                    "compare_to": 1
                }
            ]
        }
    },
    "depth_strider_2": {
        "type": "origins:conditioned_attribute",
        "modifier": {
            "name": "Slowness in water",
            "attribute": "minecraft:generic.movement_speed",
            "value": 0,
            "operation": "multiply_total"
        },
        "tick_rate": 5,
        "condition": {
            "type": "origins:and",
            "conditions": [
                {
                    "type": "origins:or",
                    "conditions": [
                        {
                            "type": "origins:in_block",
                            "block_condition": {
                                "type": "origins:or",
                                "conditions": [
                                    {
                                        "type": "origins:block",
                                        "block": "minecraft:water"
                                    },
                                    {
                                        "type": "origins:block",
                                        "block": "minecraft:kelp"
                                    },
                                    {
                                        "type": "origins:block",
                                        "block": "minecraft:kelp_plant"
                                    },
                                    {
                                        "type": "origins:block",
                                        "block": "minecraft:seagrass"
                                    },
                                    {
                                        "type": "origins:block",
                                        "block": "minecraft:tall_seagrass"
                                    },
                                    {
                                        "type": "origins:block_state",
                                        "property": "waterlogged",
                                        "value": true
                                    }
                                ]
                            }
                        },
                        {
                            "type": "origins:in_rain"
                        }
                    ]
                },
                {
                    "type": "origins:enchantment",
                    "enchantment": "minecraft:depth_strider",
                    "calculation": "sum",
                    "comparison": "==",
                    "compare_to": 2
                }
            ]
        }
    },
    "slow_falling_in_water": {
        "type": "origins:modify_falling",
        "velocity": 0.025,
        "condition": {
            "type": "origins:or",
            "conditions": [
                {
                    "type": "origins:in_block",
                    "block_condition": {
                        "type": "origins:or",
                        "conditions": [
                            {
                                "type": "origins:block",
                                "block": "minecraft:water"
                            },
                            {
                                "type": "origins:block",
                                "block": "minecraft:kelp"
                            },
                            {
                                "type": "origins:block",
                                "block": "minecraft:kelp_plant"
                            },
                            {
                                "type": "origins:block",
                                "block": "minecraft:seagrass"
                            },
                            {
                                "type": "origins:block",
                                "block": "minecraft:tall_seagrass"
                            },
                            {
                                "type": "origins:block_state",
                                "property": "waterlogged",
                                "value": true
                            }
                        ]
                    }
                },
                {
                    "type": "origins:in_rain"
                }
            ]
        }
    },
	"name": "heavy when wet",
	"description": "Since your made of metal and wood, you become heavier when wet as you absorb water"
}