{
	"powers": [
		 "rpgraces:warforged_resilience_effect_immune",
		 "rpgraces:warforged_resilience_perfect_vision",
		 "rpgraces:warforged_resilience_anaerobic",
		 "rpgraces:warforged_internal_storage",
		 "rpgraces:integrated_protection",
		 "rpgraces:integrated_protection_armor",
		 "rpgraces:integrated_protection_damageres",
		 "rpgraces:integrated_protection_damage_immunity",
		 "rpgraces:integrated_protection_lowddistancefallimmunity",
		"rpgraces:integrated_protection_fall_damage_reduction",
		"rpgraces:integrated_protection_fly_damage_reduction",
		"rpgraces:integrated_protection_slow_in_water",
		 "rpgraces:warforged_scout_enhancedstandingjump",
		"rpgraces:warforged_scout_enhancedsprintjump",
		"rpgraces:warforged_scout_enhancedsprint",
		"rpgraces:warforged_scout_enhancedcrouchjump",
		 "rpgraces:sentrys_rest_resist_exhaustion",
		 "rpgraces:composite_weakness",
		 "rpgraces:warforged_scout_mobility_enhancer",
		 "rpgraces:autosynthesis"
],
	"icon": "minecraft:iron_chestplate",
	"order": 12,
	"impact": 3,
	"name": "Warforged Scout v2",
	"description": "Warforged are Sentient living constructs made of a blend organic and inorganic materials, built for a long forgotten war.  Warforged Scout's are a varient made for battlefield reconnaissance that have features that improve over-land mobility. They must now find a purpose beyond war."
}