{

	"type": "origins:conditioned_attribute",
	"modifier": {
		"attribute": "minecraft:generic.movement_speed",
		"operation": "addition",
		"value": 0.5,
		"name": "Increased sprinting speed"
	},
	"tick_rate": 20,
	"condition": {

		"type": "origins:and",
		"conditions": [
			{
				"type": "origins:sprinting"
			},
			{
				"type": "origins:on_block",
				"inverted": true
			},
			{
				"type": "origins:creative_flying",
				"inverted": true
			}
		]

	},
	"hidden":false
}


  