{

    "name": "Amalgamated Defense - polymorphic subdermal shell",
    "description": "The polymorphic subdermal shell can harden to signficantly enhance defense at the expense of reduced mobility",

  "type": "origins:multiple",

  "switch": {
    "type": "origins:toggle",
    "key": {
      "key": "key.pickItem",
      "continuous": false
    }
  },
  "hardenshell": {
    "type": "origins:conditioned_attribute",
    "modifier": {
      "attribute": "minecraft:generic.armor",
      "operation": "addition",
      "value": 8
    },
    "tick_rate": 20,
    "condition": {
      "type": "origins:power_active",
      "power": "*:*_switch"
    }
  },
  "softenshell": {

    "type": "origins:conditioned_attribute",
    "modifier": {
      "attribute": "minecraft:generic.armor",
      "operation": "addition",
      "value": 4
    },
    "tick_rate": 20,
    "condition": {
      "type": "origins:power_active",
      "power": "*:*_hardenshell",
      "inverted": true
    }
  }





}