{
	"type": "origins:action_on_callback",
	"entity_action_chosen": {
		"type": "origins:and",
		"actions": [
			{
				"type": "origins:execute_command",
				"command": "scale set pehkui:height 0.75"
			},
			{
				"type": "origins:execute_command",
				"command": "scale set pehkui:width 0.50"
			},
			{
				"type": "origins:execute_command",
				"command": "scale persist true"
			}
		]
	},
	"entity_action_respawned": {
		"type": "origins:and",
		"actions": [
			{
				"type": "origins:execute_command",
				"command": "scale set pehkui:height 0.75"
			},
			{
				"type": "origins:execute_command",
				"command": "scale set pehkui:width 0.75"
			},
			{
				"type": "origins:execute_command",
				"command": "scale persist true"
			}
		]
	},
	"entity_action_lost": {
		"type": "origins:execute_command",
		"command": "scale reset"
	},
	"name": "Thin and Short",
	"description": "Mycorrhiznth Navigator's are half as wioe and slightly shorter than the metric steve."
}