{
  "type": "origins:multiple",
  "upblazedamage": {
    "type": "origins:modify_damage_taken",
    "bientity_condition": {
      "type": "origins:actor_condition",
      "condition": {
        "type": "origins:entity_type",
        "entity_type": "minecraft:blaze"
      }
    },
    "modifier": {
      "operation": "addition",
      "value": 1.5
    }
  },
  "upenergydamage": {
    "type": "origins:modify_damage_taken",
    "damage_condition": {
      "type": "origins:or",
      "conditions": [
        {
          "type": "origins:name",
          "name": "lightningBolt"
        },
        {
          "type": "origins:name",
          "name": "fire"
        },
        {
          "type": "origins:name",
          "name": "hotFloor"
        },
        {
          "type": "origins:name",
          "name": "lava"
        },
        {
          "type": "origins:name",
          "name":"magic"
        },
        {
          "type": "origins:name",
          "name": "indirectMagic.item"
        }
      ]
    },
    "modifier": {
      "operation": "multiply_base",
      "value": 1.5
    }
  },
  "name": "mychrosynth Weakness",
  "description": "Mycorrhiznth's take more damage from fire, magic, and lightning due to the amalgemation of materials that make up their bodies"

}